filenames,class
silos_256-0-0--6-14--19-28655.png,1
silos_256-0-0--6-14--33-30848.png,1
silos_256-0-0--6-14-1247-31272.png,0
silos_256-0-0--6-14-1281-31369.png,0
silos_256-0-0--6-14-1293-30878.png,0
silos_256-0-0--6-14-1307-30792.png,0
silos_256-0-0--6-14-1375-30982.png,0
silos_256-0-0--6-14-1402-30793.png,0
silos_256-0-0--6-14-1435-30675.png,0
silos_256-0-0--6-14-1468-31293.png,0
silos_256-0-0--6-14-1487-31333.png,0
silos_256-0-0--6-14-2-29342.png,0
silos_256-0-0--6-14-44-28655.png,0
silos_256-0-0--6-15--1002-31146.png,0
silos_256-0-0--6-15--1023-31182.png,0
silos_256-0-0--6-15--103-30107.png,0
silos_256-0-0--6-15--1049-30424.png,0
silos_256-0-0--6-15--1050-31265.png,0
silos_256-0-0--6-15--1051-28368.png,1
silos_256-0-0--6-15--1056-29212.png,0
silos_256-0-0--6-15--1058-29769.png,0
silos_256-0-0--6-15--1059-28362.png,1
silos_256-0-0--6-15--1076-29598.png,0
silos_256-0-0--6-15--1085-29888.png,0
silos_256-0-0--6-15--1087-31173.png,0
silos_256-0-0--6-15--1093-30140.png,0
silos_256-0-0--6-15--1107-30317.png,0
silos_256-0-0--6-15--1116-31204.png,0
silos_256-0-0--6-15--113-29832.png,0
silos_256-0-0--6-15--1132-30160.png,0
silos_256-0-0--6-15--1134-31245.png,0
silos_256-0-0--6-15--1140-30218.png,0
silos_256-0-0--6-15--1150-30500.png,0
silos_256-0-0--6-15--1156-29253.png,0
silos_256-0-0--6-15--116-30439.png,0
silos_256-0-0--6-15--117-29547.png,0
silos_256-0-0--6-15--1172-29539.png,0
silos_256-0-0--6-15--1174-30185.png,0
silos_256-0-0--6-15--1199-31595.png,1
silos_256-0-0--6-15--1207-29534.png,0
silos_256-0-0--6-15--1219-31251.png,0
silos_256-0-0--6-15--1222-29161.png,0
silos_256-0-0--6-15--1228-29886.png,0
silos_256-0-0--6-15--1232-30712.png,0
silos_256-0-0--6-15--1258-31112.png,0
silos_256-0-0--6-15--1262-31223.png,0
silos_256-0-0--6-15--1265-29544.png,0
silos_256-0-0--6-15--1268-29383.png,0
silos_256-0-0--6-15--127-29529.png,0
silos_256-0-0--6-15--1270-29226.png,0
silos_256-0-0--6-15--1278-30295.png,1
silos_256-0-0--6-15--1295-30706.png,0
silos_256-0-0--6-15--1298-29780.png,0
silos_256-0-0--6-15--1305-29624.png,0
silos_256-0-0--6-15--1318-30432.png,0
silos_256-0-0--6-15--1322-31144.png,0
silos_256-0-0--6-15--1326-29603.png,0
silos_256-0-0--6-15--1329-30475.png,0
silos_256-0-0--6-15--1338-30911.png,0
silos_256-0-0--6-15--1341-31156.png,0
silos_256-0-0--6-15--1344-28814.png,1
silos_256-0-0--6-15--1367-31052.png,0
silos_256-0-0--6-15--1369-31377.png,0
silos_256-0-0--6-15--1375-29227.png,0
silos_256-0-0--6-15--1379-29903.png,1
silos_256-0-0--6-15--1383-29906.png,1
silos_256-0-0--6-15--1388-29914.png,1
silos_256-0-0--6-15--1404-29764.png,0
silos_256-0-0--6-15--1404-31004.png,0
silos_256-0-0--6-15--141-30729.png,0
silos_256-0-0--6-15--1416-28735.png,0
silos_256-0-0--6-15--1421-30063.png,0
silos_256-0-0--6-15--1433-30707.png,0
silos_256-0-0--6-15--1436-29138.png,1
silos_256-0-0--6-15--1447-29853.png,0
silos_256-0-0--6-15--1450-29780.png,0
silos_256-0-0--6-15--1459-29704.png,0
silos_256-0-0--6-15--1463-29865.png,0
silos_256-0-0--6-15--1470-30176.png,0
silos_256-0-0--6-15--1502-28172.png,0
silos_256-0-0--6-15--1523-30671.png,0
silos_256-0-0--6-15--153-29441.png,0
silos_256-0-0--6-15--1530-29805.png,0
silos_256-0-0--6-15--1533-29638.png,0
silos_256-0-0--6-15--1535-29990.png,0
silos_256-0-0--6-15--1540-28189.png,1
silos_256-0-0--6-15--1541-31482.png,0
silos_256-0-0--6-15--1545-28191.png,0
silos_256-0-0--6-15--1546-29551.png,0
silos_256-0-0--6-15--1548-30654.png,0
silos_256-0-0--6-15--1552-31197.png,1
silos_256-0-0--6-15--1557-29985.png,0
silos_256-0-0--6-15--1574-29816.png,0
silos_256-0-0--6-15--1575-29966.png,0
silos_256-0-0--6-15--1576-29704.png,0
silos_256-0-0--6-15--1583-31269.png,0
silos_256-0-0--6-15--1588-29747.png,1
silos_256-0-0--6-15--1600-30527.png,0
silos_256-0-0--6-15--161-29778.png,0
silos_256-0-0--6-15--1638-28609.png,0
silos_256-0-0--6-15--17-29879.png,0
silos_256-0-0--6-15--178-31256.png,0
silos_256-0-0--6-15--185-30077.png,0
silos_256-0-0--6-15--19-30065.png,0
silos_256-0-0--6-15--211-29368.png,0
silos_256-0-0--6-15--23-30582.png,0
silos_256-0-0--6-15--233-30814.png,0
silos_256-0-0--6-15--236-30820.png,0
silos_256-0-0--6-15--24-30290.png,0
silos_256-0-0--6-15--250-30178.png,0
silos_256-0-0--6-15--277-30224.png,0
silos_256-0-0--6-15--281-29249.png,0
silos_256-0-0--6-15--281-30021.png,0
silos_256-0-0--6-15--301-29356.png,0
silos_256-0-0--6-15--308-30079.png,0
silos_256-0-0--6-15--314-30071.png,0
silos_256-0-0--6-15--315-30400.png,1
silos_256-0-0--6-15--322-30864.png,0
silos_256-0-0--6-15--323-30409.png,1
silos_256-0-0--6-15--327-31023.png,0
silos_256-0-0--6-15--330-29248.png,0
silos_256-0-0--6-15--330-30132.png,0
silos_256-0-0--6-15--330-30253.png,0
silos_256-0-0--6-15--333-29965.png,0
silos_256-0-0--6-15--333-30004.png,0
silos_256-0-0--6-15--334-30004.png,0
silos_256-0-0--6-15--334-30006.png,0
silos_256-0-0--6-15--335-29976.png,0
silos_256-0-0--6-15--337-29940.png,0
silos_256-0-0--6-15--337-29997.png,0
silos_256-0-0--6-15--338-29457.png,0
silos_256-0-0--6-15--339-30012.png,0
silos_256-0-0--6-15--340-29940.png,0
silos_256-0-0--6-15--340-29953.png,0
silos_256-0-0--6-15--340-29968.png,0
silos_256-0-0--6-15--340-29987.png,0
silos_256-0-0--6-15--340-29994.png,0
silos_256-0-0--6-15--343-29974.png,0
silos_256-0-0--6-15--343-30011.png,0
silos_256-0-0--6-15--343-30013.png,0
silos_256-0-0--6-15--345-29960.png,0
silos_256-0-0--6-15--345-29971.png,0
silos_256-0-0--6-15--345-30010.png,0
silos_256-0-0--6-15--345-30011.png,0
silos_256-0-0--6-15--346-29979.png,0
silos_256-0-0--6-15--346-29995.png,0
silos_256-0-0--6-15--347-29947.png,0
silos_256-0-0--6-15--347-29990.png,0
silos_256-0-0--6-15--347-30691.png,0
silos_256-0-0--6-15--348-30006.png,0
silos_256-0-0--6-15--348-30014.png,0
silos_256-0-0--6-15--349-30011.png,0
silos_256-0-0--6-15--35-30705.png,0
silos_256-0-0--6-15--351-29967.png,0
silos_256-0-0--6-15--351-30010.png,0
silos_256-0-0--6-15--352-29987.png,0
silos_256-0-0--6-15--354-29945.png,0
silos_256-0-0--6-15--354-29984.png,0
silos_256-0-0--6-15--355-29941.png,0
silos_256-0-0--6-15--355-30961.png,0
silos_256-0-0--6-15--356-30868.png,1
silos_256-0-0--6-15--357-29958.png,0
silos_256-0-0--6-15--359-29952.png,0
silos_256-0-0--6-15--359-29985.png,0
silos_256-0-0--6-15--359-30020.png,0
silos_256-0-0--6-15--362-29998.png,0
silos_256-0-0--6-15--362-30002.png,0
silos_256-0-0--6-15--363-30001.png,0
silos_256-0-0--6-15--364-30001.png,0
silos_256-0-0--6-15--365-30007.png,0
silos_256-0-0--6-15--369-30010.png,0
silos_256-0-0--6-15--369-30013.png,0
silos_256-0-0--6-15--370-29975.png,0
silos_256-0-0--6-15--373-29954.png,0
silos_256-0-0--6-15--375-29982.png,0
silos_256-0-0--6-15--381-30002.png,0
silos_256-0-0--6-15--381-30007.png,0
silos_256-0-0--6-15--386-30003.png,0
silos_256-0-0--6-15--388-29983.png,0
silos_256-0-0--6-15--389-29942.png,0
silos_256-0-0--6-15--392-30017.png,0
silos_256-0-0--6-15--392-30728.png,0
silos_256-0-0--6-15--393-29977.png,0
silos_256-0-0--6-15--393-30833.png,0
silos_256-0-0--6-15--394-29971.png,0
silos_256-0-0--6-15--395-29965.png,0
silos_256-0-0--6-15--395-30004.png,0
silos_256-0-0--6-15--396-29995.png,0
silos_256-0-0--6-15--398-30003.png,0
silos_256-0-0--6-15--398-30016.png,0
silos_256-0-0--6-15--399-29973.png,0
silos_256-0-0--6-15--399-31235.png,0
silos_256-0-0--6-15--400-29985.png,0
silos_256-0-0--6-15--400-29990.png,0
silos_256-0-0--6-15--401-29943.png,0
silos_256-0-0--6-15--401-29993.png,0
silos_256-0-0--6-15--402-29976.png,0
silos_256-0-0--6-15--404-30011.png,0
silos_256-0-0--6-15--404-30015.png,0
silos_256-0-0--6-15--407-29360.png,0
silos_256-0-0--6-15--409-29988.png,0
silos_256-0-0--6-15--409-30015.png,0
silos_256-0-0--6-15--410-29958.png,0
silos_256-0-0--6-15--410-30013.png,0
silos_256-0-0--6-15--412-29982.png,0
silos_256-0-0--6-15--415-29983.png,0
silos_256-0-0--6-15--415-29994.png,0
silos_256-0-0--6-15--416-30003.png,0
silos_256-0-0--6-15--418-29997.png,0
silos_256-0-0--6-15--418-30019.png,0
silos_256-0-0--6-15--427-30496.png,0
silos_256-0-0--6-15--430-30302.png,1
silos_256-0-0--6-15--436-30305.png,0
silos_256-0-0--6-15--437-30306.png,0
silos_256-0-0--6-15--442-30054.png,1
silos_256-0-0--6-15--442-30069.png,0
silos_256-0-0--6-15--452-31137.png,0
silos_256-0-0--6-15--476-31103.png,0
silos_256-0-0--6-15--48-31242.png,0
silos_256-0-0--6-15--506-30502.png,0
silos_256-0-0--6-15--543-30298.png,0
silos_256-0-0--6-15--549-30834.png,0
silos_256-0-0--6-15--558-30280.png,1
silos_256-0-0--6-15--564-30303.png,0
silos_256-0-0--6-15--566-30285.png,1
silos_256-0-0--6-15--570-30301.png,0
silos_256-0-0--6-15--574-30542.png,0
silos_256-0-0--6-15--575-30286.png,1
silos_256-0-0--6-15--576-30312.png,1
silos_256-0-0--6-15--579-31001.png,0
silos_256-0-0--6-15--587-30300.png,1
silos_256-0-0--6-15--596-30291.png,0
silos_256-0-0--6-15--597-30278.png,1
silos_256-0-0--6-15--598-30311.png,1
silos_256-0-0--6-15--600-30300.png,1
silos_256-0-0--6-15--602-29764.png,0
silos_256-0-0--6-15--603-30081.png,0
silos_256-0-0--6-15--604-30194.png,1
silos_256-0-0--6-15--605-30519.png,0
silos_256-0-0--6-15--607-30300.png,1
silos_256-0-0--6-15--614-31142.png,0
silos_256-0-0--6-15--620-30177.png,0
silos_256-0-0--6-15--620-30198.png,1
silos_256-0-0--6-15--621-30076.png,0
silos_256-0-0--6-15--626-30160.png,1
silos_256-0-0--6-15--630-29510.png,0
silos_256-0-0--6-15--644-29427.png,0
silos_256-0-0--6-15--649-30363.png,0
silos_256-0-0--6-15--657-29741.png,0
silos_256-0-0--6-15--662-31091.png,0
silos_256-0-0--6-15--666-29506.png,0
silos_256-0-0--6-15--684-30346.png,0
silos_256-0-0--6-15--690-28643.png,0
silos_256-0-0--6-15--699-30670.png,0
silos_256-0-0--6-15--707-29850.png,0
silos_256-0-0--6-15--71-30371.png,0
silos_256-0-0--6-15--712-31289.png,0
silos_256-0-0--6-15--728-30048.png,0
silos_256-0-0--6-15--771-29576.png,0
silos_256-0-0--6-15--81-29838.png,0
silos_256-0-0--6-15--831-30716.png,0
silos_256-0-0--6-15--861-30954.png,0
silos_256-0-0--6-15--873-31293.png,0
silos_256-0-0--6-15--883-29337.png,0
silos_256-0-0--6-15--885-28202.png,1
silos_256-0-0--6-15--886-29955.png,0
silos_256-0-0--6-15--893-31943.png,0
silos_256-0-0--6-15--894-31943.png,1
silos_256-0-0--6-15--900-31287.png,1
silos_256-0-0--6-15--909-28197.png,1
silos_256-0-0--6-15--92-29962.png,0
silos_256-0-0--6-15--925-29881.png,0
silos_256-0-0--6-15--929-29558.png,0
silos_256-0-0--6-15--930-31065.png,0
silos_256-0-0--6-15--932-30339.png,0
silos_256-0-0--6-15--945-31190.png,1
silos_256-0-0--6-15--946-30709.png,0
silos_256-0-0--6-15--948-31231.png,1
silos_256-0-0--6-15--954-31211.png,1
silos_256-0-0--6-15--954-31265.png,0
silos_256-0-0--6-15--955-30580.png,0
silos_256-0-0--6-15--955-30974.png,0
silos_256-0-0--6-15--957-31232.png,0
silos_256-0-0--6-15--960-31212.png,1
silos_256-0-0--6-15--972-29704.png,0
silos_256-0-0--6-15--973-30481.png,0
silos_256-0-0--6-15--983-31464.png,1
silos_256-0-0--6-15--983-31465.png,0
silos_256-0-0--6-15--983-31467.png,1
silos_256-0-0--6-15--990-29317.png,0
silos_256-0-0--6-15-100-30306.png,0
silos_256-0-0--6-15-1008-30207.png,0
silos_256-0-0--6-15-1008-30588.png,0
silos_256-0-0--6-15-1010-30117.png,0
silos_256-0-0--6-15-1011-29547.png,0
silos_256-0-0--6-15-1017-29816.png,0
silos_256-0-0--6-15-1019-29370.png,0
silos_256-0-0--6-15-1021-29549.png,0
silos_256-0-0--6-15-1035-30034.png,0
silos_256-0-0--6-15-1038-29515.png,0
silos_256-0-0--6-15-1053-30160.png,0
silos_256-0-0--6-15-1060-28841.png,0
silos_256-0-0--6-15-1086-30036.png,0
silos_256-0-0--6-15-1090-30659.png,0
silos_256-0-0--6-15-110-29702.png,0
silos_256-0-0--6-15-1104-28938.png,1
silos_256-0-0--6-15-1111-30309.png,1
silos_256-0-0--6-15-1112-30303.png,0
silos_256-0-0--6-15-1135-30000.png,0
silos_256-0-0--6-15-1144-30311.png,0
silos_256-0-0--6-15-1144-30703.png,0
silos_256-0-0--6-15-1159-29991.png,0
silos_256-0-0--6-15-1172-29987.png,0
silos_256-0-0--6-15-1173-30036.png,0
silos_256-0-0--6-15-1174-30125.png,1
silos_256-0-0--6-15-1175-30121.png,0
silos_256-0-0--6-15-1185-30035.png,0
silos_256-0-0--6-15-1188-30640.png,0
silos_256-0-0--6-15-1201-30072.png,0
silos_256-0-0--6-15-1206-29988.png,0
silos_256-0-0--6-15-121-31131.png,0
silos_256-0-0--6-15-1212-29146.png,1
silos_256-0-0--6-15-1235-30175.png,1
silos_256-0-0--6-15-1235-30567.png,1
silos_256-0-0--6-15-1238-29246.png,0
silos_256-0-0--6-15-1239-29246.png,1
silos_256-0-0--6-15-1239-29247.png,0
silos_256-0-0--6-15-1242-30572.png,1
silos_256-0-0--6-15-1275-30027.png,0
silos_256-0-0--6-15-1332-30157.png,0
silos_256-0-0--6-15-1334-30156.png,0
silos_256-0-0--6-15-1356-29498.png,0
silos_256-0-0--6-15-1384-29283.png,1
silos_256-0-0--6-15-1385-29282.png,0
silos_256-0-0--6-15-1385-29283.png,0
silos_256-0-0--6-15-1404-29510.png,0
silos_256-0-0--6-15-1405-29499.png,1
silos_256-0-0--6-15-1413-29974.png,0
silos_256-0-0--6-15-1448-29587.png,1
silos_256-0-0--6-15-1455-30120.png,0
silos_256-0-0--6-15-147-29883.png,0
silos_256-0-0--6-15-1472-29559.png,0
silos_256-0-0--6-15-1475-29571.png,0
silos_256-0-0--6-15-1477-29537.png,0
silos_256-0-0--6-15-1478-29576.png,1
silos_256-0-0--6-15-1480-29730.png,0
silos_256-0-0--6-15-1483-30319.png,0
silos_256-0-0--6-15-1502-29487.png,0
silos_256-0-0--6-15-1527-29475.png,0
silos_256-0-0--6-15-1529-30366.png,0
silos_256-0-0--6-15-1539-29758.png,0
silos_256-0-0--6-15-161-29372.png,0
silos_256-0-0--6-15-168-30377.png,1
silos_256-0-0--6-15-169-30507.png,0
silos_256-0-0--6-15-172-31049.png,1
silos_256-0-0--6-15-174-31048.png,0
silos_256-0-0--6-15-196-31149.png,0
silos_256-0-0--6-15-201-30980.png,0
silos_256-0-0--6-15-23-31056.png,0
silos_256-0-0--6-15-232-30028.png,0
silos_256-0-0--6-15-239-30398.png,0
silos_256-0-0--6-15-281-29963.png,0
silos_256-0-0--6-15-290-30625.png,0
silos_256-0-0--6-15-330-29341.png,0
silos_256-0-0--6-15-349-29549.png,0
silos_256-0-0--6-15-359-30628.png,0
silos_256-0-0--6-15-365-30779.png,0
silos_256-0-0--6-15-376-32040.png,1
silos_256-0-0--6-15-383-29742.png,0
silos_256-0-0--6-15-395-30747.png,0
silos_256-0-0--6-15-397-29446.png,0
silos_256-0-0--6-15-405-30580.png,0
silos_256-0-0--6-15-427-31708.png,1
silos_256-0-0--6-15-432-29910.png,0
silos_256-0-0--6-15-440-30644.png,0
silos_256-0-0--6-15-491-30557.png,0
silos_256-0-0--6-15-512-30122.png,0
silos_256-0-0--6-15-514-30494.png,0
silos_256-0-0--6-15-53-29800.png,0
silos_256-0-0--6-15-539-30625.png,0
silos_256-0-0--6-15-542-30080.png,0
silos_256-0-0--6-15-545-30426.png,0
silos_256-0-0--6-15-55-29251.png,0
silos_256-0-0--6-15-556-30795.png,1
silos_256-0-0--6-15-563-30756.png,0
silos_256-0-0--6-15-576-30251.png,0
silos_256-0-0--6-15-589-30038.png,0
silos_256-0-0--6-15-612-30581.png,0
silos_256-0-0--6-15-614-29605.png,0
silos_256-0-0--6-15-651-30254.png,0
silos_256-0-0--6-15-657-30251.png,1
silos_256-0-0--6-15-688-30177.png,0
silos_256-0-0--6-15-693-30647.png,0
silos_256-0-0--6-15-696-30648.png,0
silos_256-0-0--6-15-696-31143.png,0
silos_256-0-0--6-15-705-30334.png,0
silos_256-0-0--6-15-709-29940.png,0
silos_256-0-0--6-15-721-31182.png,0
silos_256-0-0--6-15-723-31076.png,0
silos_256-0-0--6-15-728-30346.png,0
silos_256-0-0--6-15-730-29662.png,0
silos_256-0-0--6-15-735-29231.png,0
silos_256-0-0--6-15-736-29663.png,0
silos_256-0-0--6-15-756-30937.png,0
silos_256-0-0--6-15-758-30047.png,0
silos_256-0-0--6-15-760-30226.png,0
silos_256-0-0--6-15-763-30489.png,0
silos_256-0-0--6-15-772-29539.png,0
silos_256-0-0--6-15-773-29389.png,0
silos_256-0-0--6-15-779-29270.png,0
silos_256-0-0--6-15-809-29306.png,0
silos_256-0-0--6-15-829-30197.png,0
silos_256-0-0--6-15-837-30322.png,1
silos_256-0-0--6-15-849-29243.png,0
silos_256-0-0--6-15-869-30703.png,0
silos_256-0-0--6-15-882-30257.png,0
silos_256-0-0--6-15-905-29873.png,0
silos_256-0-0--6-15-949-29934.png,0
silos_256-0-0--6-15-962-29759.png,0
silos_256-0-0--6-15-964-30668.png,0
silos_256-0-0--6-15-970-30391.png,0
silos_256-0-0--6-15-981-30635.png,0
silos_256-0-0--6-15-991-30265.png,0
silos_256-0-0--6-16--1030-29856.png,0
silos_256-0-0--6-16--1042-30139.png,1
silos_256-0-0--6-16--1085-28812.png,0
silos_256-0-0--6-16--1121-30622.png,1
silos_256-0-0--6-16--1127-29149.png,1
silos_256-0-0--6-16--1133-29563.png,1
silos_256-0-0--6-16--1135-29148.png,1
silos_256-0-0--6-16--1135-29149.png,1
silos_256-0-0--6-16--1139-29139.png,1
silos_256-0-0--6-16--1141-30617.png,1
silos_256-0-0--6-16--1159-28404.png,1
silos_256-0-0--6-16--1162-28409.png,0
silos_256-0-0--6-16--1174-28664.png,1
silos_256-0-0--6-16--1174-28667.png,1
silos_256-0-0--6-16--1180-28686.png,1
silos_256-0-0--6-16--1184-28599.png,1
silos_256-0-0--6-16--1188-30665.png,0
silos_256-0-0--6-16--1194-28635.png,0
silos_256-0-0--6-16--1195-28581.png,0
silos_256-0-0--6-16--1195-29064.png,0
silos_256-0-0--6-16--1198-29071.png,0
silos_256-0-0--6-16--1198-29072.png,1
silos_256-0-0--6-16--1216-30953.png,1
silos_256-0-0--6-16--1231-28705.png,1
silos_256-0-0--6-16--1232-30806.png,1
silos_256-0-0--6-16--1249-28141.png,1
silos_256-0-0--6-16--1249-28142.png,0
silos_256-0-0--6-16--1264-29001.png,0
silos_256-0-0--6-16--1265-30721.png,1
silos_256-0-0--6-16--1271-30247.png,1
silos_256-0-0--6-16--1271-30867.png,1
silos_256-0-0--6-16--1282-28926.png,1
silos_256-0-0--6-16--1298-30593.png,1
silos_256-0-0--6-16--1323-28595.png,1
silos_256-0-0--6-16--1330-30625.png,1
silos_256-0-0--6-16--1331-28597.png,1
silos_256-0-0--6-16--1332-28589.png,0
silos_256-0-0--6-16--1337-28597.png,0
silos_256-0-0--6-16--1344-30599.png,1
silos_256-0-0--6-16--1348-31125.png,1
silos_256-0-0--6-16--1363-30562.png,1
silos_256-0-0--6-16--1372-28727.png,1
silos_256-0-0--6-16--1400-28687.png,1
silos_256-0-0--6-16--1416-28818.png,1
silos_256-0-0--6-16--1416-28819.png,0
silos_256-0-0--6-16--1427-29004.png,1
silos_256-0-0--6-16--1429-30163.png,0
silos_256-0-0--6-16--1431-28993.png,1
silos_256-0-0--6-16--1432-29000.png,0
silos_256-0-0--6-16--1440-28809.png,0
silos_256-0-0--6-16--1441-29022.png,0
silos_256-0-0--6-16--1443-30327.png,1
silos_256-0-0--6-16--1482-28765.png,1
silos_256-0-0--6-16--1482-28766.png,0
silos_256-0-0--6-16--1483-28462.png,1
silos_256-0-0--6-16--1485-28311.png,0
silos_256-0-0--6-16--1490-28600.png,1
silos_256-0-0--6-16--1496-28588.png,1
silos_256-0-0--6-16--1500-28798.png,1
silos_256-0-0--6-16--1500-28821.png,1
silos_256-0-0--6-16--1500-28822.png,1
silos_256-0-0--6-16--153-28677.png,1
silos_256-0-0--6-16--1530-28623.png,0
silos_256-0-0--6-16--1531-28190.png,1
silos_256-0-0--6-16--1576-29356.png,1
silos_256-0-0--6-16--1577-29356.png,1
silos_256-0-0--6-16--1595-28717.png,1
silos_256-0-0--6-16--1596-28718.png,1
silos_256-0-0--6-16--1624-29359.png,1
silos_256-0-0--6-16--165-28692.png,1
silos_256-0-0--6-16--185-28710.png,1
silos_256-0-0--6-16--185-28715.png,1
silos_256-0-0--6-16--191-28710.png,1
silos_256-0-0--6-16--202-28702.png,1
silos_256-0-0--6-16--206-28784.png,1
silos_256-0-0--6-16--214-28744.png,1
silos_256-0-0--6-16--221-28786.png,0
silos_256-0-0--6-16--237-29390.png,1
silos_256-0-0--6-16--248-28787.png,1
silos_256-0-0--6-16--258-28749.png,1
silos_256-0-0--6-16--291-28788.png,1
silos_256-0-0--6-16--294-28971.png,1
silos_256-0-0--6-16--295-28874.png,1
silos_256-0-0--6-16--300-28882.png,1
silos_256-0-0--6-16--310-31987.png,1
silos_256-0-0--6-16--329-28523.png,0
silos_256-0-0--6-16--417-28698.png,1
silos_256-0-0--6-16--417-28705.png,0
silos_256-0-0--6-16--417-28710.png,1
silos_256-0-0--6-16--478-30711.png,1
silos_256-0-0--6-16--480-29819.png,0
silos_256-0-0--6-16--480-29820.png,0
silos_256-0-0--6-16--481-29820.png,1
silos_256-0-0--6-16--495-31831.png,1
silos_256-0-0--6-16--525-29112.png,1
silos_256-0-0--6-16--527-30070.png,0
silos_256-0-0--6-16--570-28851.png,1
silos_256-0-0--6-16--570-28852.png,0
silos_256-0-0--6-16--593-29540.png,0
silos_256-0-0--6-16--595-29544.png,1
silos_256-0-0--6-16--595-29552.png,1
silos_256-0-0--6-16--598-28846.png,1
silos_256-0-0--6-16--623-29110.png,1
silos_256-0-0--6-16--623-29111.png,0
silos_256-0-0--6-16--628-29115.png,0
silos_256-0-0--6-16--643-28836.png,1
silos_256-0-0--6-16--652-29099.png,0
silos_256-0-0--6-16--663-30028.png,0
silos_256-0-0--6-16--667-30045.png,0
silos_256-0-0--6-16--669-28776.png,1
silos_256-0-0--6-16--678-29507.png,0
silos_256-0-0--6-16--682-29101.png,0
silos_256-0-0--6-16--691-30424.png,0
silos_256-0-0--6-16--698-29872.png,0
silos_256-0-0--6-16--699-28820.png,1
silos_256-0-0--6-16--7-28147.png,1
silos_256-0-0--6-16--704-29430.png,1
silos_256-0-0--6-16--705-29877.png,1
silos_256-0-0--6-16--707-29944.png,1
silos_256-0-0--6-16--720-28785.png,1
silos_256-0-0--6-16--732-32035.png,1
silos_256-0-0--6-16--743-30618.png,0
silos_256-0-0--6-16--775-29553.png,1
silos_256-0-0--6-16--779-30510.png,0
silos_256-0-0--6-16--797-31998.png,1
silos_256-0-0--6-16--809-29865.png,1
silos_256-0-0--6-16--813-30118.png,1
silos_256-0-0--6-16--813-31837.png,0
silos_256-0-0--6-16--816-29876.png,0
silos_256-0-0--6-16--823-28837.png,1
silos_256-0-0--6-16--836-28498.png,1
silos_256-0-0--6-16--855-28505.png,1
silos_256-0-0--6-16--864-29979.png,1
silos_256-0-0--6-16--872-31127.png,0
silos_256-0-0--6-16--882-29720.png,1
silos_256-0-0--6-16--885-29719.png,1
silos_256-0-0--6-16--898-28425.png,1
silos_256-0-0--6-16--901-30603.png,1
silos_256-0-0--6-16--902-30580.png,1
silos_256-0-0--6-16--906-30462.png,1
silos_256-0-0--6-16--925-29417.png,0
silos_256-0-0--6-16--925-30594.png,1
silos_256-0-0--6-16--936-30650.png,1
silos_256-0-0--6-16--941-30378.png,1
silos_256-0-0--6-16--955-30862.png,1
silos_256-0-0--6-16--968-30770.png,0
silos_256-0-0--6-16-10-28960.png,1
silos_256-0-0--6-16-103-29163.png,1
silos_256-0-0--6-16-11-28960.png,0
silos_256-0-0--6-16-16-28125.png,1
silos_256-0-0--6-16-163-29965.png,1
silos_256-0-0--6-16-163-29966.png,1
silos_256-0-0--6-16-18-29145.png,1
silos_256-0-0--6-16-215-29578.png,0
silos_256-0-0--6-16-244-29531.png,1
silos_256-0-0--6-16-245-29531.png,1
silos_256-0-0--6-16-249-29527.png,1
silos_256-0-0--6-16-250-29527.png,1
silos_256-0-0--6-16-252-28863.png,1
silos_256-0-0--6-16-257-29494.png,1
silos_256-0-0--6-16-359-28954.png,1
silos_256-0-0--6-16-404-29739.png,1
silos_256-0-0--6-16-408-29706.png,1
silos_256-0-0--6-16-413-29721.png,1
silos_256-0-0--6-16-425-29707.png,1
silos_256-0-0--6-16-460-28641.png,1
silos_256-0-0--6-16-473-30078.png,1
silos_256-0-0--6-16-490-28537.png,1
